﻿{
   "CodeGenerationMode": 4,
   "ContextClassName": "CineDbContext",
   "ContextNamespace": null,
   "FilterSchemas": false,
   "IncludeConnectionString": false,
   "ModelNamespace": null,
   "OutputContextPath": null,
   "OutputPath": "Models",
   "PreserveCasingWithRegex": true,
   "ProjectRootNamespace": "CIneData",
   "Schemas": null,
   "SelectedHandlebarsLanguage": 2,
   "SelectedToBeGenerated": 0,
   "T4TemplatePath": null,
   "Tables": [
      {
         "Name": "[dbo].[butacas]",
         "ObjectType": 0
      },
      {
         "Name": "[dbo].[clientes]",
         "ObjectType": 0
      },
      {
         "Name": "[dbo].[entradas]",
         "ObjectType": 0
      },
      {
         "Name": "[dbo].[formas_pago]",
         "ObjectType": 0
      },
      {
         "Name": "[dbo].[funciones]",
         "ObjectType": 0
      },
      {
         "Name": "[dbo].[generos]",
         "ObjectType": 0
      },
      {
         "Name": "[dbo].[peliculas]",
         "ObjectType": 0
      },
      {
         "Name": "[dbo].[reservas]",
         "ObjectType": 0
      },
      {
         "Name": "[dbo].[salas]",
         "ObjectType": 0
      },
      {
         "Name": "[dbo].[EncontrarConflicto]",
         "ObjectType": 1
      }
   ],
   "UiHint": null,
   "UncountableWords": null,
   "UseAsyncStoredProcedureCalls": true,
   "UseBoolPropertiesWithoutDefaultSql": false,
   "UseDatabaseNames": false,
   "UseDateOnlyTimeOnly": false,
   "UseDbContextSplitting": false,
   "UseDecimalDataAnnotationForSprocResult": true,
   "UseFluentApiOnly": true,
   "UseHandleBars": false,
   "UseHierarchyId": false,
   "UseInflector": true,
   "UseLegacyPluralizer": false,
   "UseManyToManyEntity": false,
   "UseNoDefaultConstructor": false,
   "UseNoNavigations": false,
   "UseNoObjectFilter": false,
   "UseNodaTime": false,
   "UseNullableReferences": false,
   "UsePrefixNavigationNaming": false,
   "UseSchemaFolders": false,
   "UseSchemaNamespaces": false,
   "UseSpatial": false,
   "UseT4": false
}